genres,popularidad_promedio,calificacion_promedio,cantidad_series
Talk,168.4407328605201,6.45021513002364,423
Soap,166.0322576335878,6.247406488549618,524
News,121.02078082191781,6.262657534246575,73
Western,104.11803846153846,7.256384615384615,26
Reality,90.42726341866226,6.854255161023947,1210
Family,86.58293657331137,6.979886326194399,1214
Kids,70.44076945668135,7.201908957415565,681
Action & Adventure,70.15155812672175,7.401461707988981,1815
Comedy,69.13527001529832,7.0639431412544615,3922
Drama,67.0693647631001,7.056159554439913,6370
Crime,65.09300687022902,7.214447328244274,1310
Sci-Fi & Fantasy,63.38646222719642,7.387851706771125,1787
Animation,58.53464962538563,7.332033494931687,2268
Mystery,58.42193713327745,7.203795473595977,1191
War & Politics,56.85625819672131,7.475286885245902,244
Unknown,50.27561,5.92708,95
Documentary,49.924343750000006,7.414943750000001,640
